codcompany,idcustomer,fecha,idarticle,quantity,saleamount,costamount,idpaymentmethod,documento,codcustomer,cliente,codvouchertype,tipoasiento,codproductline,macrofamilia,codproductfamily,familia,codproductsubfamily,subfamilia
21,021-006150,01/04/2024,915e1ba0-a1e7-4875-9cff-5cc30e901d80,36.0,2307.96,2476.8,021-91,24A040006,6150,"FORMATO VERDE; S,L,",10,VENTAS NACIONALES,MFR01,Custom Molding,FR01A,Formato Verde,CA2,CINTURONES
5,005-003623,31/12/2024,005-ecb0127,1.0,53.0,36.55,005-87-1,24S120087,3623,"MARISCOS DAPORTA; S,L,",10,VENTAS NACIONALES,MF8,Maquinaria y SAT,F35,Consumibles SAT,ECB,REPUESTOS ECONOMY BAG
21,cf120b8c-3216-4c79-9138-5fc8a6e8ac42,09/08/2024,40f44bd8-44d8-4fc9-b55c-c62d9e53cdfe,10.0,283.4,188.0,021-6,24A080033,7137,"RONAUTICA QUALITY MARINAS; S,L,U,",10,VENTAS NACIONALES,MFR04,Marine,FR04B,Nautica Deportiva,ND2,COMPLEMENTOS PANTALANES
5,4190698d-d586-4d45-93e0-6b6355807eac,01/04/2024,005-32615,1.0,0.0,3.0,005-33-1,24A040012,7987,"FERREIRA & MOXEXO; LDA,",11,VENTAS INTRACOMUNITARIAS,MF1,Consumo Interno,F8,Consumo Interno y componentes,32,CAJAS-MATERIA PRIMA - COMPONENTES
5,005-003147,12/02/2024,b7c54fc3-469d-423b-ab20-fd3c9f806b0b,0.6,573.6,358.62,005-81-1,24A020057,3147,"MARESMAR; S,L,U,",10,VENTAS NACIONALES,MF6,Envases y Embalajes,F13,Envases Madera,133,CAIXAS RECTAS CLASICAS
21,021-007050,17/06/2024,021-47ll01,1.0,0.0,2.39378,021-39,24A060070,7050,"NAUTILUS IMPIANTI; S,R,L,S,",11,VENTAS INTRACOMUNITARIAS,MFC01,Consumo Interno,FC01C,Componentes y Accesorios,51,CONSUMIBLES BINS
5,005-000554,26/12/2024,4b787623-6e0d-4557-b19b-d0bef1b894fe,304.0,422.56,329.69408,005-1-1,24A120289,554,"MARISCOS CORDAL; S,L,",10,VENTAS NACIONALES,MF6,Envases y Embalajes,F15,Envases Plasticos Rigidos,160,CAJAS POLIESTIRENO
1,001-003451,30/09/2024,cd6cc853-3a02-4f31-b9bb-9b6ebeb4424f,-133.0,-8379.0,-8379.0,95839b62-ccc4-4a70-a894-012c7d43a5bb,24A090163,3451,"ENVASES DE GALICIA; S,A,U, (EGALSA)",10,VENTAS NACIONALES,MF6,Envases y Embalajes,F34,Sacos y Mallas Tejidas,71,NATURLINE
1,99186818-259d-4636-acc3-7d307aa20c5e,06/11/2024,001-lm,1.0,0.0,0.0,001-99,24R110001,7411,"ISIGENERE; S,L,",10,VENTAS NACIONALES,MF12,Varios,F24,Material Diverso,YM,MATERIAL DIVERSO
21,021-006150,12/09/2024,021-lm,1.0,0.0,0.0,021-91,24A090041,6150,"FORMATO VERDE; S,L,",10,VENTAS NACIONALES,MFC02,Varios,FC02C,Material Diverso,AS,ARTICULOS SIN CONTROL DE STOCK
5,005-001197,31/01/2024,005-ttorc55038i,2.0,0.2,0.14,005-89-1,24S010058,1197,"DEPURADORA DE MARISCOS DE LORBE; S,A, (DEMARLOSA)",10,VENTAS NACIONALES,MF8,Maquinaria y SAT,F35,Consumibles SAT,T,REPUESTOS TORNILLERIA
1,001-006422,11/11/2024,001-057a110/1,0.94,3.68,1.880226,001-90,24A110039,6422,TRASBACH SANISIDRO; PABLO MANUEL,10,VENTAS NACIONALES,MF5,Efectos Navales,F1,Cabos y Estachas,57,CORREDERA
5,005-003623,30/08/2024,005-133g03md01,0.48,545.28,265.2384,005-87-1,24A080220,3623,"MARISCOS DAPORTA; S,L,",10,VENTAS NACIONALES,MF6,Envases y Embalajes,F13,Envases Madera,133,CAIXAS RECTAS CLASICAS
5,b9fb2dde-9479-4181-bbde-c252e9c68f47,11/01/2024,005-020a7540ne,0.5,118.0,65.195,005-8-1,24A010070,8093,"NAZARET; C,B,",10,VENTAS NACIONALES,MF6,Envases y Embalajes,F33,Sacos y Mallas Extruidas,20,SACOS
1,001-002668,30/09/2024,001-210b75ac,10.0,1920.0,1636.2,001-87,24A090162,2668,"EFECTOS NAVALES Y DEPORTES O MAR; S,L,",10,VENTAS NACIONALES,MF3,Consumibles Miticultura,F30,Red de AlgodÃ³n,210,COTTON PLUS
1,f4aa9285-43c3-4a53-afa9-b604ca110fdf,13/03/2024,001-032a120,60.0,1020.0,834.0,001-6,24A030062,7025,"MEJILLONERAS DEL BARBANZA; S,L,",10,VENTAS NACIONALES,MF3,Consumibles Miticultura,F10,Cuerdas Cultivo MejillÃ³n,32,"CUERDAS ""TIBURON"""
21,4f73f1df-36b8-4b0a-80b5-cf562048dd3a,31/01/2024,021-ys8810,1.0,100.0,120.0,021-33,24A010093,8597,"RIASBAI MORRAZO; S,L,",10,VENTAS NACIONALES,MFR05,Varios Rotogal,FR05B,Servicios Rotogal,SVP,PORTES
5,6aa56bf9-8764-41a5-8e85-c73745d27471,31/10/2024,005-010a093650ve,2.0,72.7,57.06,005-1-1,24A100309,7371,"MARISCOS ALVARIÃAS; S,L,",10,VENTAS NACIONALES,MF6,Envases y Embalajes,F33,Sacos y Mallas Extruidas,10,MALLA MOLUSCOS
21,021-006195,29/11/2024,021-lm,1.0,0.0,0.0,021-33,24A110125,6195,"DESARROLLO DISEÃO & STYLING; S,L,U, (DDS)",10,VENTAS NACIONALES,MFC02,Varios,FC02C,Material Diverso,AS,ARTICULOS SIN CONTROL DE STOCK
5,005-004829,18/09/2024,095a7d4f-3e59-4ac0-a6f2-e833f44a30fd,1.0,5030.0,3680.0,e250d566-d119-4a2f-a52d-4b0ed5975e1b,24A090141,4829,"COFRADIA DE PESCADORES ""SAN JOSE"" DE CANGAS",10,VENTAS NACIONALES,MF8,Maquinaria y SAT,F23,Maquinaria planta proceso,A170,ACCESORIOS MAQUINARIA DEPURADORAS Y ESTOCAJE
5,ffa17dc0-bc15-467a-b987-323c79dcda8e,23/05/2024,005-199012,1.0,5.0,3.5,005-1-1,24S050033,7249,"GISVA; S,A,",10,VENTAS NACIONALES,MF12,Varios,F36,Servicios Varios,SVP,PORTES
1,001-000376,04/09/2024,001-0681120,7.0,28.0,4.72479,001-90,24Z090002,376,FACTURA SIMPLIFICADA,10,VENTAS NACIONALES,MF5,Efectos Navales,F32,Redes,681,RED SARDINAL USADA
5,d3e9081e-e27d-4c3c-884f-59a25f7e021a,11/12/2024,005-160brt3,25.0,17.18,9.604,005-33-1,24A120104,7801,"GROVE MAR MARISCOS Y PESCADOS; S,L, (MAR DA TOXA)",10,VENTAS NACIONALES,MF6,Envases y Embalajes,F15,Envases Plasticos Rigidos,160,CAJAS POLIESTIRENO
1,001-006575,16/09/2024,001-068541,150.0,375.0,76.6965,001-94,24A090076,6575,"LAGO DE LOURO; LDA,",11,VENTAS INTRACOMUNITARIAS,MF5,Efectos Navales,F32,Redes,685,RED ARRASTRE CERRADA Y NORMAL USADA
5,005-001315,19/07/2024,005-020a5030am,2.0,224.0,164.86,005-6-1,24A070132,1315,"MARISCOS JOYFRA; S,L,",10,VENTAS NACIONALES,MF6,Envases y Embalajes,F33,Sacos y Mallas Extruidas,20,SACOS
5,1c606d81-fbbb-4c25-9ba1-685e20fcfb96,29/02/2024,005-199s001,0.5,0.0,7.5,005-99-1,24R020011,7786,"MATADERO DE AVES SUAVI; S,L,",10,VENTAS NACIONALES,MF12,Varios,F36,Servicios Varios,199S,SERVICIOS VARIOS SAT
1,001-003899,03/10/2024,001-22301,54.0,464.4,321.51438,001-83,24A100035,3899,DUARTE GONZALEZ; PAULO,10,VENTAS NACIONALES,MF5,Efectos Navales,F37,Suministros Varios,223,"PROD, RODEAR RED TUBULAR (NO PROPIO)"
21,021-006150,09/04/2024,021-0905fv101gr2,10.0,1469.6,1715.7,021-91,24A040057,6150,"FORMATO VERDE; S,L,",10,VENTAS NACIONALES,MFR01,Custom Molding,FR01A,Formato Verde,CA1,CUBAS
21,49a6cb34-d6d5-4d7e-8a5e-c0460c5d76cd,20/12/2024,021-ief0004,6111.0,304.82,304.819999,021-4,HL-24-024,7655,"HOLALUZ-CLIDOM; S,A,",10,VENTAS NACIONALES,MFA02,Fotovoltaica,FA02A,Fotovoltaica,IEF,INSTALACION ENERGIA FOTOVOLTAICA
5,30e002d6-8ba2-41cd-ba17-37e084430bd7,07/08/2024,005-160ar15/s,50.0,86.81,62.4765,005-81-1,24A080046,7966,"HEREDEROS DE ANGEL MARIÃO HERMO; C,B, (ANGEL MAR)",10,VENTAS NACIONALES,MF6,Envases y Embalajes,F15,Envases Plasticos Rigidos,160,CAJAS POLIESTIRENO
5,005-007199,26/06/2024,005-199012,1.0,160.0,155.81,005-33-1,24A060163,7199,"MUGEN - CONSULTORES; UNIPESSOAL; LDA,",11,VENTAS INTRACOMUNITARIAS,MF12,Varios,F36,Servicios Varios,SVP,PORTES
21,021-006150,18/07/2024,40f6d55d-28fe-4bc9-ac7b-0be9782d1b98,18.0,694.98,916.74,021-91,24A070068,6150,"FORMATO VERDE; S,L,",10,VENTAS NACIONALES,MFR01,Custom Molding,FR01A,Formato Verde,CA4,TAPAS
21,021-006150,12/06/2024,021-lm,1.0,0.0,0.0,021-91,24A060058,6150,"FORMATO VERDE; S,L,",10,VENTAS NACIONALES,MFC02,Varios,FC02C,Material Diverso,AS,ARTICULOS SIN CONTROL DE STOCK
5,005-006282,05/04/2024,005-lm,1.0,0.0,0.0,005-16-1,24S040010,6282,"JOSE MANUEL PRATA; LDA,",11,VENTAS INTRACOMUNITARIAS,MFC02,Varios,FC02C,Material Diverso,AS,ARTICULOS SIN CONTROL DE STOCK
5,005-001207,26/07/2024,005-lv3020,4.0,137.2,90.46344,005-83-1,24S070033,1207,"AMEGROVE SDAD, COOP, GALEGA",10,VENTAS NACIONALES,MF8,Maquinaria y SAT,F35,Consumibles SAT,LV,REPUESTOS LAVADORA
21,021-006150,12/01/2024,d87d59d0-9370-4c16-bb2f-9ecb70ef7fd4,8.0,1175.68,1372.56,021-91,24A010034,6150,"FORMATO VERDE; S,L,",10,VENTAS NACIONALES,MFR01,Custom Molding,FR01A,Formato Verde,CA1,CUBAS
5,005-001237,12/03/2024,9e5dfa0b-0842-4797-817e-bffedd050868,4.0,112.0,68.39292,005-82-1,24S030019,1237,"MARISCOS CAMPELO; S,A,",10,VENTAS NACIONALES,MF8,Maquinaria y SAT,F35,Consumibles SAT,CC,REPUESTOS CINTA DE CARGA
5,005-006244,15/03/2024,a0f144e3-b42b-4456-a41b-f18383df7447,0.03,131.7,67.224,005-33-1,24A030089,6244,"BRISIÃA; S,L,",10,VENTAS NACIONALES,MF6,Envases y Embalajes,F13,Envases Madera,133,CAIXAS RECTAS CLASICAS
5,c23bfd3e-8dc4-498e-9dbd-9fb451d8fde5,09/08/2024,005-199s001,3.5,157.5,52.5,e250d566-d119-4a2f-a52d-4b0ed5975e1b,24S080016,8169,"UKUTITEC; S,L,",10,VENTAS NACIONALES,MF12,Varios,F36,Servicios Varios,199S,SERVICIOS VARIOS SAT
5,c23bfd3e-8dc4-498e-9dbd-9fb451d8fde5,09/08/2024,005-rg307b2,17.0,29.75,16.53097,e250d566-d119-4a2f-a52d-4b0ed5975e1b,24S080016,8169,"UKUTITEC; S,L,",10,VENTAS NACIONALES,MF8,Maquinaria y SAT,F35,Consumibles SAT,RG,REPUESTOS MAQUINARIA GENERALES
5,c23bfd3e-8dc4-498e-9dbd-9fb451d8fde5,09/08/2024,005-199s001,1.25,56.25,18.75,e250d566-d119-4a2f-a52d-4b0ed5975e1b,24S080016,8169,"UKUTITEC; S,L,",10,VENTAS NACIONALES,MF12,Varios,F36,Servicios Varios,199S,SERVICIOS VARIOS SAT
21,cf120b8c-3216-4c79-9138-5fc8a6e8ac42,27/09/2024,021-lm,1.0,0.0,0.0,021-6,24A090093,7137,"RONAUTICA QUALITY MARINAS; S,L,U,",10,VENTAS NACIONALES,MFC02,Varios,FC02C,Material Diverso,AS,ARTICULOS SIN CONTROL DE STOCK
1,001-003451,30/09/2024,001-010a093650ve,1.0,24.48,24.48,95839b62-ccc4-4a70-a894-012c7d43a5bb,24A090148,3451,"ENVASES DE GALICIA; S,A,U, (EGALSA)",10,VENTAS NACIONALES,MF6,Envases y Embalajes,F33,Sacos y Mallas Extruidas,10,MALLA MOLUSCOS
21,021-006801,19/12/2024,021-47tp03,12.0,0.0,9.18384,021-16,24A120083,6801,"CHAMPION SEAFOOD; S,L,",10,VENTAS NACIONALES,MFC01,Consumo Interno,FC01C,Componentes y Accesorios,51,CONSUMIBLES BINS
5,005-006655,29/07/2024,005-160brt4,330.0,179.85,101.9403,e250d566-d119-4a2f-a52d-4b0ed5975e1b,24A070201,6655,"MAR CEIBE; S,L,",10,VENTAS NACIONALES,MF6,Envases y Embalajes,F15,Envases Plasticos Rigidos,160,CAJAS POLIESTIRENO
21,45f6d6de-ed03-4059-8e02-18b1e245e85a,08/02/2024,07b3c3eb-6b5c-438b-9c99-d29632f62bca,1.0,95.0,88.43,021-36,24E020003,7467,"INKA PRESSWOOD PALLETS; LTD,",12,VENTAS EXPORTACIONES,MFR03,ManutenciÃ³n,FR03B,Tapas,110,TAPAS BIN PUR
5,005-003756,31/05/2024,af2a4ed0-b50a-4932-bb0c-8a39e8dd6ad8,12.0,210.0,122.76432,005-4-1,24S050067,3756,XUNTA DE GALICIA - INSTITUTO GALEGO DE FORMACION EN ACUICULTURA (IGAFA),10,VENTAS NACIONALES,MF8,Maquinaria y SAT,F35,Consumibles SAT,ED,REPUESTOS EQUIPO DEPURACION Y ESTOCAJE
5,8c150f93-07a6-4d03-aae3-6efd9a6bc45d,03/10/2024,005-160ar12/s,96.0,144.96,96.43392,005-90-1,24A100018,7317,VIÃAS PIÃEIRO; ANDRES ANTONIO,10,VENTAS NACIONALES,MF6,Envases y Embalajes,F15,Envases Plasticos Rigidos,160,CAJAS POLIESTIRENO
1,001-002137,11/04/2024,001-032a120,15.0,255.0,208.5,001-90,24A040053,2137,ROMERO TORRES; JOSE ANTONIO,10,VENTAS NACIONALES,MF3,Consumibles Miticultura,F10,Cuerdas Cultivo MejillÃ³n,32,"CUERDAS ""TIBURON"""
1,eb395f0c-ffdf-4bc7-93e3-0c23c4e74505,09/12/2024,001-101303,2.0,80.0,36.2,001-90,24A120032,7901,GIL AIZPURU; JOSE MARIA,10,VENTAS NACIONALES,MF5,Efectos Navales,F17,FlotaciÃ³n Pesca,1013,BOYAS TIPO POLYFORM
5,005-006193,09/07/2024,005-140ar001g,2.0,114.0,72.0154,005-42-1,24A070072,6193,"ALVAREZ Y ACEVEDO; S,L, (EMBUTIDOS TORROÃA)",10,VENTAS NACIONALES,MF6,Envases y Embalajes,F7,Consumibles Envasado,140,"PROD, COMPL,: ALAMBRES; GRAPAS; ATALAZOS"
21,021-007021,12/06/2024,021-lm,1.0,210.0,166.17,021-38,24A060059,7021,"ROTOGAL BENELUX B,V,",11,VENTAS INTRACOMUNITARIAS,MFC02,Varios,FC02C,Material Diverso,AS,ARTICULOS SIN CONTROL DE STOCK
21,021-006150,29/02/2024,021-lm,1.0,0.0,0.0,021-91,24A020118,6150,"FORMATO VERDE; S,L,",10,VENTAS NACIONALES,MFC02,Varios,FC02C,Material Diverso,AS,ARTICULOS SIN CONTROL DE STOCK
5,005-006952,19/07/2024,ac5fab1c-0e19-47bd-8138-ef28646deeb0,0.162,340.2,149.1939,005-33-1,24A070153,6952,"LA QUESERIA; C,B, (QUESERIA GIJON)",10,VENTAS NACIONALES,MF6,Envases y Embalajes,F13,Envases Madera,133,CAIXAS RECTAS CLASICAS
5,005-003147,24/09/2024,005-138b001,1.066,147.11,120.7778,005-81-1,24A090186,3147,"MARESMAR; S,L,U,",10,VENTAS NACIONALES,MF6,Envases y Embalajes,F13,Envases Madera,138,COMPLEMENTOS CAIXAS
21,021-006150,19/02/2024,021-lm,1.0,0.0,0.0,021-91,24A020067,6150,"FORMATO VERDE; S,L,",10,VENTAS NACIONALES,MFC02,Varios,FC02C,Material Diverso,AS,ARTICULOS SIN CONTROL DE STOCK
5,a88dda0a-5127-463d-a708-78916e6997ae,12/06/2024,005-ecb0079,2.0,6.6,4.61454,005-16-1,24S060010,7784,"DELFIN ULTRACONGELADOS; S,A,",10,VENTAS NACIONALES,MF8,Maquinaria y SAT,F35,Consumibles SAT,ECB,REPUESTOS ECONOMY BAG
5,499e9999-a6ed-46e5-9e65-22f7cbc2a3f7,09/09/2024,005-160brt5,2.0,1.98,1.17138,005-8-1,24A090078,7643,VIDAL PEREZ; MARIA PURA (PESCADOS Y MARISCOS PAISANA),10,VENTAS NACIONALES,MF6,Envases y Embalajes,F15,Envases Plasticos Rigidos,160,CAJAS POLIESTIRENO
21,021-006150,31/01/2024,021-lm,1.0,0.0,0.0,021-91,24A010099,6150,"FORMATO VERDE; S,L,",10,VENTAS NACIONALES,MFC02,Varios,FC02C,Material Diverso,AS,ARTICULOS SIN CONTROL DE STOCK
1,001-003451,30/09/2024,bd38dcd0-bcfa-485f-9119-743737aba24e,144.3,19408.35,19408.35,95839b62-ccc4-4a70-a894-012c7d43a5bb,24A090149,3451,"ENVASES DE GALICIA; S,A,U, (EGALSA)",10,VENTAS NACIONALES,MF6,Envases y Embalajes,F33,Sacos y Mallas Extruidas,20,SACOS
5,698b9e1d-f026-49ab-903f-3647b750c92b,17/04/2024,005-160ar01/s,5.0,4.77,3.21035,005-90-1,24A040114,8124,PIÃEIRO RODRIGUEZ; SANDRA,10,VENTAS NACIONALES,MF6,Envases y Embalajes,F15,Envases Plasticos Rigidos,160,CAJAS POLIESTIRENO
5,005-002697,15/11/2024,005-133f0100,0.01,25.2,17.9486,e250d566-d119-4a2f-a52d-4b0ed5975e1b,24A110103,2697,"REYJOSA; S,L,",10,VENTAS NACIONALES,MF6,Envases y Embalajes,F13,Envases Madera,133,CAIXAS RECTAS CLASICAS
5,eaf51ac6-eb26-4516-b333-ab32185116f5,19/06/2024,296651c6-13bc-44f3-867d-b55af3e6e833,4.0,76.0,50.099,005-4-1,24S060031,8146,"CUCINA DI NAPOLI; S,L,",10,VENTAS NACIONALES,MF8,Maquinaria y SAT,F35,Consumibles SAT,CC,REPUESTOS CINTA DE CARGA
5,19fcde6a-28ab-46b6-b979-da7503f460e7,25/11/2024,005-010a093650am,2.0,87.1,58.22,005-33-1,24A110189,7834,"ACTIVETASTE LDA,",11,VENTAS INTRACOMUNITARIAS,MF6,Envases y Embalajes,F33,Sacos y Mallas Extruidas,10,MALLA MOLUSCOS
5,1cf57a19-44d2-4385-91e7-2bb2078f38fb,28/06/2024,dc430517-836b-4afd-90db-550c2fe02cee,2.25,868.5,336.825,005-16-1,24A060201,7771,"S,A,R,L, LA FAMILLE BOUTRAIS",11,VENTAS INTRACOMUNITARIAS,MF6,Envases y Embalajes,F13,Envases Madera,137,TAPAS CAIXAS
5,8265d1d2-60db-4eaf-9a7a-b56344b08087,28/06/2024,b84a9976-49cd-4da5-b5a7-dadc9f93a9cf,1.0,58.93,25.12334,005-17-1,24S060070,8056,"IRJIMPA; S,L,",10,VENTAS NACIONALES,MFC02,Varios,FC02C,Material Diverso,AS,ARTICULOS SIN CONTROL DE STOCK
21,021-006195,24/04/2024,4fbadc77-8884-4f91-bc7c-2b7913a2dc26,4.0,1908.24,1080.04,021-37,24A040113,6195,"DESARROLLO DISEÃO & STYLING; S,L,U, (DDS)",10,VENTAS NACIONALES,MFR01,Custom Molding,FR01B,DDS,CB2,PLATAFORMAS BARRACUDA
1,e1cbe428-f5ff-45b0-ba7d-3695a56ea785,16/09/2024,96dcdc0b-27cb-443a-ae34-916eb629c11c,30.0,180.0,11.5398,001-82,24A090082,7202,"MARISCOS LYA; S,L,",10,VENTAS NACIONALES,MF5,Efectos Navales,F1,Cabos y Estachas,592,CABOS Y ESTACHAS USADOS
5,005-003147,31/07/2024,005-32615,6.0,0.0,18.0,005-81-1,24A070256,3147,"MARESMAR; S,L,U,",10,VENTAS NACIONALES,MF1,Consumo Interno,F8,Consumo Interno y componentes,32,CAJAS-MATERIA PRIMA - COMPONENTES
5,005-004297,13/05/2024,005-199012,1.0,12.0,8.35,005-67-1,24S050014,4297,"MARISC CATALA; S,L,",10,VENTAS NACIONALES,MF12,Varios,F36,Servicios Varios,SVP,PORTES
5,005-003147,29/02/2024,005-199s001,3.0,115.5,45.0,005-81-1,24S020068,3147,"MARESMAR; S,L,U,",10,VENTAS NACIONALES,MF12,Varios,F36,Servicios Varios,199S,SERVICIOS VARIOS SAT
21,021-006150,16/10/2024,021-lm,1.0,0.0,0.0,021-91,24A100056,6150,"FORMATO VERDE; S,L,",10,VENTAS NACIONALES,MFC02,Varios,FC02C,Material Diverso,AS,ARTICULOS SIN CONTROL DE STOCK
21,c33c62da-a7c7-40f3-8ee2-d95321c6be50,22/08/2024,55089ff7-df87-4c54-9411-77e90f30fed2,3.0,1122.0,628.56,021-33,24A080051,8691,"BUCIERO NATURA; S,L,",10,VENTAS NACIONALES,MFR02,Vruma,FR02A,Embarcaciones,V03,RECREO
5,09d612c2-af91-4213-bde2-6ca35a15e095,10/04/2024,005-199012,1.0,16.0,14.95,005-6-1,24S040027,7770,"MARISCOS EL CABO; S,L,",10,VENTAS NACIONALES,MF12,Varios,F36,Servicios Varios,SVP,PORTES
21,9587fa41-c72c-437d-97b8-d55f7c6c0cbc,19/12/2024,021-lm,1.0,0.0,0.0,021-21,24A120082,8476,"GRUPO TRES MARES; S,A,U,",10,VENTAS NACIONALES,MFC02,Varios,FC02C,Material Diverso,AS,ARTICULOS SIN CONTROL DE STOCK
21,021-006150,15/01/2024,d852987e-4d6b-4dee-97af-86b75464f945,24.0,144.0,217.2,021-91,24A010038,6150,"FORMATO VERDE; S,L,",10,VENTAS NACIONALES,MFR01,Custom Molding,FR01A,Formato Verde,CA3,BOCAS
5,005-004350,13/06/2024,005-lm,1.0,0.0,0.0,005-99-1,24R060001,4350,"MARISCOS INES; S,L,",10,VENTAS NACIONALES,MFC02,Varios,FC02C,Material Diverso,AS,ARTICULOS SIN CONTROL DE STOCK
21,021-002934,31/10/2024,750eede5-50d3-49de-8129-11b2f8113032,238.0,33379.5,30702.0,021-4,24A100127,2934,"J,J, CHICOLINO; S,L,U,",10,VENTAS NACIONALES,MFR04,Marine,FR04A,Acuicultura y pesca,AP4,DISPOSITIVOS AGREGADORES DE PECES (TUNAHOME)
5,005-001197,26/09/2024,005-lm,1.0,0.0,0.0,005-3-1,24S090029,1197,"DEPURADORA DE MARISCOS DE LORBE; S,A, (DEMARLOSA)",10,VENTAS NACIONALES,MFC02,Varios,FC02C,Material Diverso,AS,ARTICULOS SIN CONTROL DE STOCK
21,cdb05634-ce98-4667-997c-c7c77fa2cfa0,01/07/2024,021-47ll01,1.0,0.0,2.39378,021-33,24A070004,8539,"VALLE ECHEVARRIA;S,L,",10,VENTAS NACIONALES,MFC01,Consumo Interno,FC01C,Componentes y Accesorios,51,CONSUMIBLES BINS
5,005-003147,27/05/2024,005-13705225t01,0.192,0.0,48.26304,005-81-1,24A050131,3147,"MARESMAR; S,L,U,",10,VENTAS NACIONALES,MF6,Envases y Embalajes,F13,Envases Madera,137,TAPAS CAIXAS
5,005-006794,15/11/2024,005-flrq7000m0106,2.0,34.2,28.98598,005-17-1,24S110019,6794,"SOLUCIONES INDUSTRIALES BMARKING; S,L,",10,VENTAS NACIONALES,MF8,Maquinaria y SAT,F35,Consumibles SAT,FLRQ7000M,REPUESTOS FLEJADORA FLRQ7000M
1,e86e3413-3dcd-45c6-93c9-9290b5e0a941,01/02/2024,001-0813a2000,2.0,24.0,0.948,001-90,24A020015,7877,VARELA ROMERO; IGNACIO ALEJANDRO,10,VENTAS NACIONALES,MF5,Efectos Navales,F2,Cadenas; Anclas y Grilletes,813,HERRAJES VARIOS
5,005-004829,18/09/2024,40ce02c0-4c79-4a00-9c78-c7f57445bc06,7.0,1148.0,274.79704,e250d566-d119-4a2f-a52d-4b0ed5975e1b,24A090141,4829,"COFRADIA DE PESCADORES ""SAN JOSE"" DE CANGAS",10,VENTAS NACIONALES,MF8,Maquinaria y SAT,F23,Maquinaria planta proceso,A170,ACCESORIOS MAQUINARIA DEPURADORAS Y ESTOCAJE
5,005-004525,21/11/2024,005-lm,1.0,0.0,0.0,005-17-1,24S110032,4525,"FALCAMAR-COMERCIO DE MARISCOS; LDA,",11,VENTAS INTRACOMUNITARIAS,MFC02,Varios,FC02C,Material Diverso,AS,ARTICULOS SIN CONTROL DE STOCK
5,005-001237,17/09/2024,00dc94ca-0b43-4198-a229-d7f3ec0b77aa,1.049,0.0,130.34874,005-82-1,24A090140,1237,"MARISCOS CAMPELO; S,A,",10,VENTAS NACIONALES,MF6,Envases y Embalajes,F13,Envases Madera,137,TAPAS CAIXAS
21,3023c588-921c-4e5d-9ae6-ed8d3ebbb0bf,19/07/2024,a1bf2147-a9cb-4ccb-a0a8-2f8965d18dd3,1.0,499.0,0.0,021-33,24A070070,8704,ADANEZ GARCIA; JOSE MANUEL,10,VENTAS NACIONALES,MFR02,Vruma,FR02A,Embarcaciones,V03,RECREO
21,223e7b61-f55d-4c94-b123-4b19c386c784,30/04/2024,021-ys8810,1.0,29.0,17.3,021-33,24A040144,8654,"ESCUAN; S,L,",10,VENTAS NACIONALES,MFR05,Varios Rotogal,FR05B,Servicios Rotogal,SVP,PORTES
5,005-000554,16/01/2024,005-140ap155g,-17.0,-74.8,-50.41962,005-99-1,24R010004,554,"MARISCOS CORDAL; S,L,",10,VENTAS NACIONALES,MF6,Envases y Embalajes,F7,Consumibles Envasado,140,"PROD, COMPL,: ALAMBRES; GRAPAS; ATALAZOS"
21,021-006555,24/04/2024,021-47ll01,2.0,0.0,4.78744,021-58,24A040112,6555,"PESCADOS GARCIA-RIVEIRA; S,L,U,",10,VENTAS NACIONALES,MFC01,Consumo Interno,FC01C,Componentes y Accesorios,51,CONSUMIBLES BINS
5,005-001739,16/10/2024,5064a83b-8fd6-46b3-9a22-232fb24afe50,-1.0,-194.0,-90.9,005-99-1,24R100001,1739,SOLLA SAN MARTIN; JUAN JOSE,10,VENTAS NACIONALES,MF6,Envases y Embalajes,F33,Sacos y Mallas Extruidas,20,SACOS
5,005-005386,31/12/2024,005-lm,1.0,0.0,0.0,e250d566-d119-4a2f-a52d-4b0ed5975e1b,24S120107,5386,"MECOMAR-COMERCIO E PRODUÃAO DE PEIXES E MARISCOS; LDA,",11,VENTAS INTRACOMUNITARIAS,MFC02,Varios,FC02C,Material Diverso,AS,ARTICULOS SIN CONTROL DE STOCK
5,005-006478,22/08/2024,005-135d5000,0.296,367.04,213.09336,005-1-1,24A080107,6478,"FINARREI; S,L,",10,VENTAS NACIONALES,MF6,Envases y Embalajes,F13,Envases Madera,135,CAIXAS RECTAS BISELADAS PLASTIFICADAS
1,001-006754,25/03/2024,001-0601pes50b,64.0,284.8,179.42976,001-1,24A030115,6754,"ILUMINACIONES SANTIAGUESAS; S,L,",10,VENTAS NACIONALES,MF5,Efectos Navales,F1,Cabos y Estachas,0601PES,"TRENCILLA POLIESTER H,T,"
5,ef636b7a-2a4d-4110-8c27-24785a577451,04/07/2024,005-lm,1.0,0.0,0.0,005-4-1,24A070041,7749,"ELECTRODOMESTICOS OTERO; S,L,",30,VENTAS ARRENDAMIENTO (Sujeto RetenciÃ³n),MFC02,Varios,FC02C,Material Diverso,AS,ARTICULOS SIN CONTROL DE STOCK
5,005-001739,14/06/2024,005-020a7040ne,1.0,194.0,122.51,e250d566-d119-4a2f-a52d-4b0ed5975e1b,24A060081,1739,SOLLA SAN MARTIN; JUAN JOSE,10,VENTAS NACIONALES,MF6,Envases y Embalajes,F33,Sacos y Mallas Extruidas,20,SACOS
21,021-006150,03/04/2024,021-73se01,200.0,174.24,116.16,021-91,24A040018,6150,"FORMATO VERDE; S,L,",10,VENTAS NACIONALES,MFC01,Consumo Interno,FC01C,Componentes y Accesorios,65,CONSUMIBLES EMBALAJE
5,005-001238,29/02/2024,005-ecb0010,1.0,7.7,5.43391,005-29-1,24S020070,1238,"JOSE MARIA DAPORTA LEIRO E HIJOS; S,L,",10,VENTAS NACIONALES,MF8,Maquinaria y SAT,F35,Consumibles SAT,ECB,REPUESTOS ECONOMY BAG
5,ee6139cd-0b6c-49e5-a7e5-a77f072418e8,18/03/2024,005-lm,1.0,0.0,0.0,8cf39cbb-bd3e-4186-92ad-94d138df1ba4,24S030037,7750,"ANGULAS AGUINAGA; S,A,U,",10,VENTAS NACIONALES,MFC02,Varios,FC02C,Material Diverso,AS,ARTICULOS SIN CONTROL DE STOCK
1,9d0fb7a5-3e1b-4ce1-8682-b56d2978f819,13/09/2024,001-210a50ac,1.0,190.0,138.47,645631ef-9d10-4164-a2c6-42f7ac77734b,24A090073,7635,"MAR CEIBE; S,L,",10,VENTAS NACIONALES,MF3,Consumibles Miticultura,F30,Red de AlgodÃ³n,210,COTTON PLUS
21,021-006150,14/11/2024,165a1943-753e-4285-a872-96e6c2dc2691,14.0,764.4,1266.16,021-91,24A110040,6150,"FORMATO VERDE; S,L,",10,VENTAS NACIONALES,MFR01,Custom Molding,FR01A,Formato Verde,CA2,CINTURONES
5,054c70cf-8b4f-47c3-bab2-4e06a05168cb,15/11/2024,005-130a1600,0.03,66.0,27.1917,005-90-1,24A110097,7844,"SUMPTUOS; S,C,",10,VENTAS NACIONALES,MF6,Envases y Embalajes,F13,Envases Madera,130,BARCAS CLASICAS
21,cf120b8c-3216-4c79-9138-5fc8a6e8ac42,30/07/2024,021-lm,1.0,0.0,0.0,021-6,24A070113,7137,"RONAUTICA QUALITY MARINAS; S,L,U,",10,VENTAS NACIONALES,MFC02,Varios,FC02C,Material Diverso,AS,ARTICULOS SIN CONTROL DE STOCK
1,001-006891,30/08/2024,001-059219,220.0,363.0,122.496,001-1,24A080155,6891,"MARISCOS ACUIMAR; S,L,",10,VENTAS NACIONALES,MF5,Efectos Navales,F1,Cabos y Estachas,592,CABOS Y ESTACHAS USADOS
5,005-003147,19/03/2024,b7c54fc3-469d-423b-ab20-fd3c9f806b0b,0.066,63.1,39.4482,005-81-1,24A030114,3147,"MARESMAR; S,L,U,",10,VENTAS NACIONALES,MF6,Envases y Embalajes,F13,Envases Madera,133,CAIXAS RECTAS CLASICAS
1,32be1c54-2c08-4a89-bc61-a14294cda7ad,04/07/2024,001-199012,1.0,156.0,149.2,001-3,24A070029,7024,"TAPINIDOS; S,L,",10,VENTAS NACIONALES,MF12,Varios,F36,Servicios Varios,SVP,PORTES
5,005-006794,17/10/2024,005-199012,1.0,5.0,3.47,005-17-1,24S100045,6794,"SOLUCIONES INDUSTRIALES BMARKING; S,L,",10,VENTAS NACIONALES,MF12,Varios,F36,Servicios Varios,SVP,PORTES
21,021-006150,07/10/2024,021-0905fv101gr2,15.0,2204.4,2573.55,021-91,24A100026,6150,"FORMATO VERDE; S,L,",10,VENTAS NACIONALES,MFR01,Custom Molding,FR01A,Formato Verde,CA1,CUBAS
5,ee6139cd-0b6c-49e5-a7e5-a77f072418e8,18/11/2024,16ae73f8-bec7-43df-a622-ad51521bb534,0.8,1085.6,652.016,8cf39cbb-bd3e-4186-92ad-94d138df1ba4,24A110123,7750,"ANGULAS AGUINAGA; S,A,U,",10,VENTAS NACIONALES,MF6,Envases y Embalajes,F13,Envases Madera,130,BARCAS CLASICAS
5,5b2c4762-25ac-411c-ba3c-445e7abad0b0,05/04/2024,005-142a12in30,6.0,102.9,46.53408,005-1-1,24A040044,7311,"BCM INGENIEROS; S,L,",10,VENTAS NACIONALES,MF6,Envases y Embalajes,F12,Embalaje,142,"PROD, COMPL,: FLEJES Y GOMAS"
5,b2f0bcc6-cfbe-471d-b7be-c8e19e4e9ff4,24/12/2024,005-010a104670ne,2.0,84.8,56.78,005-33-1,24A120269,8222,"TRONCOMAR; S,L,",10,VENTAS NACIONALES,MF6,Envases y Embalajes,F33,Sacos y Mallas Extruidas,10,MALLA MOLUSCOS
21,4845aa0b-0023-430e-84f6-9271aac5fef7,13/12/2024,d39a1bf4-4f4d-410e-abac-2bd0a83fb00e,30.0,3205.0,1656.0,021-21,24A120056,7435,"TERROSO & TORRAO LDA,",11,VENTAS INTRACOMUNITARIAS,MFR03,ManutenciÃ³n,FR03B,Tapas,110,TAPAS BIN PUR
5,005-001192,05/08/2024,005-160ar12/s,48.0,72.48,48.21744,005-6-1,24A080034,1192,"RIA DE AROSA; SDAD, COOP, GALEGA",10,VENTAS NACIONALES,MF6,Envases y Embalajes,F15,Envases Plasticos Rigidos,160,CAJAS POLIESTIRENO
5,bfe3c36a-05ba-406a-a86f-5d533ec773d3,30/08/2024,005-160brt0,200.0,92.6,57.498,005-17-1,24A080233,7293,"MARISCOS CONCHI; S,L,",10,VENTAS NACIONALES,MF6,Envases y Embalajes,F15,Envases Plasticos Rigidos,160,CAJAS POLIESTIRENO
5,005-006223,28/08/2024,005-dsg0051,1.0,750.0,637.5,005-81-1,24S080035,6223,"EXPLOTACIONS MARINES FANGAR; S,L,",10,VENTAS NACIONALES,MF8,Maquinaria y SAT,F35,Consumibles SAT,DSG,REPUESTOS DESGRANADORA MOD SG
5,09d612c2-af91-4213-bde2-6ca35a15e095,29/04/2024,005-020a7030ro,2.0,300.0,212.44,005-6-1,24A040183,7770,"MARISCOS EL CABO; S,L,",10,VENTAS NACIONALES,MF6,Envases y Embalajes,F33,Sacos y Mallas Extruidas,20,SACOS
21,021-002934,30/09/2024,3eab43e8-0262-48f9-a9a5-73a12ab69a96,98.0,14798.0,7350.0,021-4,24A090109,2934,"J,J, CHICOLINO; S,L,U,",10,VENTAS NACIONALES,MFR04,Marine,FR04A,Acuicultura y pesca,AP1,FLOTADOR LONG-LINE
5,005-003623,15/04/2024,005-132a04md04,0.5,448.5,243.42,005-87-1,24A040097,3623,"MARISCOS DAPORTA; S,L,",10,VENTAS NACIONALES,MF6,Envases y Embalajes,F13,Envases Madera,132,BARCAS BISELADAS PLASTIFICADAS
5,005-004733,27/02/2024,005-020a5030ne,1.0,112.0,81.44,005-6-1,24A020152,4733,"MARISCOS SALVORA; S,L,",10,VENTAS NACIONALES,MF6,Envases y Embalajes,F33,Sacos y Mallas Extruidas,20,SACOS
5,005-006163,24/04/2024,005-140b11,10.0,45.1,18.7263,005-100-1,24A040152,6163,VIÃAS LOJO; LUIS SANTIAGO,10,VENTAS NACIONALES,MF6,Envases y Embalajes,F7,Consumibles Envasado,140,"PROD, COMPL,: ALAMBRES; GRAPAS; ATALAZOS"
21,8ea430a4-0b92-48f8-a40c-6d3c8e98ad21,05/07/2024,021-47tp06,15.0,86.25,53.6628,021-21,24A070032,7730,COFRADIA DE PESCADORES DE DELTEBRE,10,VENTAS NACIONALES,MFC01,Consumo Interno,FC01C,Componentes y Accesorios,51,CONSUMIBLES BINS
21,021-006150,22/04/2024,df3d119d-ad19-4283-9c2d-32be32f611b4,18.0,945.54,1274.58,021-91,24A040101,6150,"FORMATO VERDE; S,L,",10,VENTAS NACIONALES,MFR01,Custom Molding,FR01A,Formato Verde,CA4,TAPAS
1,001-002835,14/06/2024,001-058b32az,4.4,17.38,10.17808,001-6,24A060059,2835,"HERMANOS SABORIDO Y OTROS; C,B,",10,VENTAS NACIONALES,MF5,Efectos Navales,F1,Cabos y Estachas,58,ESTACHAS NUEVAS
5,005-003623,31/12/2024,005-199s001,0.75,33.75,18.0,005-87-1,24S120086,3623,"MARISCOS DAPORTA; S,L,",10,VENTAS NACIONALES,MF12,Varios,F36,Servicios Varios,199S,SERVICIOS VARIOS SAT
5,005-001237,22/08/2024,005-020a7035ne,10.0,1590.0,1118.3,005-82-1,24A080110,1237,"MARISCOS CAMPELO; S,A,",10,VENTAS NACIONALES,MF6,Envases y Embalajes,F33,Sacos y Mallas Extruidas,20,SACOS
21,021-006150,05/01/2024,5314e0b2-351b-4c1d-bc80-d8995341442c,27.0,1663.2,1886.49,021-91,24A010011,6150,"FORMATO VERDE; S,L,",10,VENTAS NACIONALES,MFR01,Custom Molding,FR01A,Formato Verde,CA4,TAPAS
21,7b90bb5e-e88a-4cb2-a438-4fc3cc2b6a5f,20/12/2024,021-ys8810,1.0,255.0,165.11,021-33,24A120097,8777,"JOSEBA LARRAÃAGA IBARBIA Y OTROS C,B,",10,VENTAS NACIONALES,MFR05,Varios Rotogal,FR05B,Servicios Rotogal,SVP,PORTES
5,30e002d6-8ba2-41cd-ba17-37e084430bd7,31/01/2024,005-160brt6,15.0,19.64,13.2909,005-81-1,24A010198,7966,"HEREDEROS DE ANGEL MARIÃO HERMO; C,B, (ANGEL MAR)",10,VENTAS NACIONALES,MF6,Envases y Embalajes,F15,Envases Plasticos Rigidos,160,CAJAS POLIESTIRENO
1,001-003451,28/06/2024,001-010a104670bl,160.0,3945.6,3945.6,95839b62-ccc4-4a70-a894-012c7d43a5bb,24A060141,3451,"ENVASES DE GALICIA; S,A,U, (EGALSA)",10,VENTAS NACIONALES,MF6,Envases y Embalajes,F33,Sacos y Mallas Extruidas,10,MALLA MOLUSCOS
21,7324c850-65df-4fab-a0c0-f3a9aef8fb13,01/07/2024,021-ys8812,32.0,1120.0,0.0,021-21,24A070008,7734,"SAVINOR SOC AVICOLA NORTE; S,A,",11,VENTAS INTRACOMUNITARIAS,MFR05,Varios Rotogal,FR05B,Servicios Rotogal,SAL,ALQUILER DE PRODUCTO
5,005-004914,14/03/2024,005-32615,1.0,0.0,3.0,005-16-1,24A030082,4914,"AKI DÂ´EL MAR - COMERCIO E INDUSTRIA DE MARISCOS LDA,",11,VENTAS INTRACOMUNITARIAS,MF1,Consumo Interno,F8,Consumo Interno y componentes,32,CAJAS-MATERIA PRIMA - COMPONENTES
1,001-004415,07/11/2024,001-106f101,1.0,5.3,3.4,001-90,24A110025,4415,"IRMANS DIOS OTERO; C,B,",10,VENTAS NACIONALES,MF5,Efectos Navales,F37,Suministros Varios,106,ROPA DE AGUAS Y BOTAS
21,021-006195,07/06/2024,af29ad9b-b764-4bb1-a4c1-a64b1a3a5cb9,1.0,301.34,165.99,021-37,24A060041,6195,"DESARROLLO DISEÃO & STYLING; S,L,U, (DDS)",10,VENTAS NACIONALES,MFR01,Custom Molding,FR01B,DDS,CB2,PLATAFORMAS BARRACUDA
1,ac552b3b-ef11-4034-b397-e75ee849b23f,09/12/2024,5469d04a-29dc-4ef3-85d8-0c47aecd4e27,5.0,126.75,75.1677,001-31,24A120041,7989,"ISTRIDA D,O,O, POREC",11,VENTAS INTRACOMUNITARIAS,MF5,Efectos Navales,F37,Suministros Varios,49,OSTRICULTURA
21,021-006150,18/01/2024,021-lm,1.0,0.0,0.0,021-91,24A010053,6150,"FORMATO VERDE; S,L,",10,VENTAS NACIONALES,MFC02,Varios,FC02C,Material Diverso,AS,ARTICULOS SIN CONTROL DE STOCK
1,001-000376,22/11/2024,001-106b0t04,1.0,26.5,18.43444,001-90,24Z110006,376,FACTURA SIMPLIFICADA,10,VENTAS NACIONALES,MF5,Efectos Navales,F37,Suministros Varios,106,ROPA DE AGUAS Y BOTAS
21,71f9699f-b40a-499c-9a74-0693df29a0ce,05/09/2024,c94c1754-fa81-4320-a80c-1f55cc15a9bc,2.0,666.0,221.54,021-33,24A090017,8706,SUAREZ MARTINEZ; JOSE MANUEL (MULTICHOLLO NAVIA),10,VENTAS NACIONALES,MFR02,Vruma,FR02A,Embarcaciones,V03,RECREO
5,005-006415,23/08/2024,005-160brt5,100.0,99.2,58.569,005-52-1,24A080181,6415,"MARISCOS TRELLES; S,L,",10,VENTAS NACIONALES,MF6,Envases y Embalajes,F15,Envases Plasticos Rigidos,160,CAJAS POLIESTIRENO
21,9587fa41-c72c-437d-97b8-d55f7c6c0cbc,13/05/2024,021-ys8812,15.0,450.0,0.0,021-21,24A050044,8476,"GRUPO TRES MARES; S,A,U,",10,VENTAS NACIONALES,MFR05,Varios Rotogal,FR05B,Servicios Rotogal,SAL,ALQUILER DE PRODUCTO
5,005-006045,26/07/2024,005-199012,1.0,20.0,16.3,005-16-1,24S070023,6045,"CLOCHINAS NAVARRO; S,L,",10,VENTAS NACIONALES,MF12,Varios,F36,Servicios Varios,SVP,PORTES
5,005-001207,15/11/2024,005-199s001,1.5,57.75,27.0,005-83-1,24S110016,1207,"AMEGROVE SDAD, COOP, GALEGA",10,VENTAS NACIONALES,MF12,Varios,F36,Servicios Varios,199S,SERVICIOS VARIOS SAT
21,021-006150,10/10/2024,021-0905fv101gr2,-1.0,-146.96,-171.57,021-91,24A100043,6150,"FORMATO VERDE; S,L,",10,VENTAS NACIONALES,MFR01,Custom Molding,FR01A,Formato Verde,CA1,CUBAS
21,021-006919,18/12/2024,021-47gr01,3.0,45.0,4.65,021-21,24A120076,6919,"FRIGORIFICOS INDUSTRIALES DEL BIERZO; S,A, (EMBUTIDOS PAJARIEL)",10,VENTAS NACIONALES,MFC01,Consumo Interno,FC01C,Componentes y Accesorios,51,CONSUMIBLES BINS
21,021-006195,22/02/2024,021-47ps01,1.0,15.0,3.98223,021-37,24A020084,6195,"DESARROLLO DISEÃO & STYLING; S,L,U, (DDS)",10,VENTAS NACIONALES,MFC01,Consumo Interno,FC01C,Componentes y Accesorios,51,CONSUMIBLES BINS
21,aa4ecf71-5c30-46ea-a814-9b5a5ffc6339,05/01/2024,021-lm,1.0,0.0,0.0,021-38,24E010002,8571,ELI LILLY AND COMPANY,12,VENTAS EXPORTACIONES,MFC02,Varios,FC02C,Material Diverso,AS,ARTICULOS SIN CONTROL DE STOCK
21,021-006150,28/06/2024,32e2e6bd-5442-4c84-a46e-d5f20bd4cb18,24.0,1026.0,725.52,021-91,24A060125,6150,"FORMATO VERDE; S,L,",10,VENTAS NACIONALES,MFR01,Custom Molding,FR01A,Formato Verde,CA4,TAPAS
21,021-006150,28/06/2024,3cf1feba-c90d-4def-88dd-cb2bf401c94b,6.0,256.5,218.22,021-91,24A060125,6150,"FORMATO VERDE; S,L,",10,VENTAS NACIONALES,MFR01,Custom Molding,FR01A,Formato Verde,CA4,TAPAS
5,005-004525,21/11/2024,005-ecb0014,2.0,1.8,1.13338,005-17-1,24S110033,4525,"FALCAMAR-COMERCIO DE MARISCOS; LDA,",11,VENTAS INTRACOMUNITARIAS,MF8,Maquinaria y SAT,F35,Consumibles SAT,ECB,REPUESTOS ECONOMY BAG
21,021-006150,30/08/2024,24193d31-5fc5-4fd9-8452-fc0b86ebde55,20.0,290.0,416.8,021-91,24A080111,6150,"FORMATO VERDE; S,L,",10,VENTAS NACIONALES,MFR01,Custom Molding,FR01A,Formato Verde,CA3,BOCAS
21,4725c681-b2cd-43d5-a72a-ac607cb8bb00,05/12/2024,021-lm,1.0,0.0,0.0,021-65,24A120017,8586,"MARINE INSTRUMENTS; S,A,",10,VENTAS NACIONALES,MFC02,Varios,FC02C,Material Diverso,AS,ARTICULOS SIN CONTROL DE STOCK
5,005-001238,31/07/2024,005-ipm43001,1.0,360.0,136.8869,005-29-1,24S070066,1238,"JOSE MARIA DAPORTA LEIRO E HIJOS; S,L,",10,VENTAS NACIONALES,MF8,Maquinaria y SAT,F35,Consumibles SAT,IPM,REPUESTOS IMPRESORA PM43C
1,bbace51b-6a5f-4e8e-b9eb-0f1a50dc59c9,12/08/2024,001-106c0t02,1.0,36.6,23.99585,001-90,24A080049,7386,"FUNGARSU; S,L,",10,VENTAS NACIONALES,MF5,Efectos Navales,F37,Suministros Varios,106,ROPA DE AGUAS Y BOTAS
21,021-006150,04/07/2024,df3d119d-ad19-4283-9c2d-32be32f611b4,12.0,630.36,849.72,021-91,24A070024,6150,"FORMATO VERDE; S,L,",10,VENTAS NACIONALES,MFR01,Custom Molding,FR01A,Formato Verde,CA4,TAPAS
5,005-007060,27/06/2024,005-020a7033am,1.0,157.0,126.0,005-46-1,24A060168,7060,"AROUSA SEAFOOD; S,L,",10,VENTAS NACIONALES,MF6,Envases y Embalajes,F33,Sacos y Mallas Extruidas,20,SACOS
21,021-006150,30/05/2024,021-0905fv101gr2,20.0,2939.2,3431.4,021-91,24A050120,6150,"FORMATO VERDE; S,L,",10,VENTAS NACIONALES,MFR01,Custom Molding,FR01A,Formato Verde,CA1,CUBAS
5,005-006774,11/12/2024,005-020a7040ne,1.0,186.0,122.51,005-33-1,24A120127,6774,"PAGINAS DO OCEANO; LDA,",11,VENTAS INTRACOMUNITARIAS,MF6,Envases y Embalajes,F33,Sacos y Mallas Extruidas,20,SACOS
5,005-006794,28/06/2024,d3f79ccc-326d-4aa5-b6a1-28d33036c617,4.0,75.6,54.40668,005-17-1,24S060069,6794,"SOLUCIONES INDUSTRIALES BMARKING; S,L,",10,VENTAS NACIONALES,MF8,Maquinaria y SAT,F35,Consumibles SAT,FLRQ7000M,REPUESTOS FLEJADORA FLRQ7000M
5,d28f52a0-1ec6-40d6-a833-0b96761f90eb,17/09/2024,8ce8d5f5-583c-49a6-a465-7851553a96ba,10.0,60.3,46.9091,005-16-1,24A090096,7989,"PIÃEIRON; S,L, (Mariscos OCEANO)",10,VENTAS NACIONALES,MF6,Envases y Embalajes,F15,Envases Plasticos Rigidos,151,ENVASES ESPECIALES: CAJA DEPURACION
21,021-006150,16/10/2024,3720a110-e113-469c-848e-8981b3621451,18.0,2068.2,2194.92,021-91,24A100067,6150,"FORMATO VERDE; S,L,",10,VENTAS NACIONALES,MFR01,Custom Molding,FR01A,Formato Verde,CA1,CUBAS
21,021-006730,24/01/2024,021-lm,1.0,0.0,0.0,021-6,24A010072,6730,"SUMINISTROS PECOMAR; S,L,",10,VENTAS NACIONALES,MFC02,Varios,FC02C,Material Diverso,AS,ARTICULOS SIN CONTROL DE STOCK
21,021-006216,04/04/2024,021-ysmo009,8.0,320.0,120.0,021-3,24A040027,6216,"NUESTRO MAR DE SIEMPRE; S,L, (NUMARSI)",10,VENTAS NACIONALES,MFR06,CaldererÃ­a Plastica y MetÃ¡lica,FR06A,CaldererÃ­a PlÃ¡stica,CP4,SERVICIOS DE CALDERERÃA PLÃSTICA
21,021-006150,29/01/2024,2ffcd975-7a7d-409d-a20f-ffac7027923a,3.0,227.4,270.0,021-91,24A010088,6150,"FORMATO VERDE; S,L,",10,VENTAS NACIONALES,MFR01,Custom Molding,FR01A,Formato Verde,CA2,CINTURONES
21,021-006150,14/06/2024,021-lm,1.0,0.0,0.0,021-91,24A060065,6150,"FORMATO VERDE; S,L,",10,VENTAS NACIONALES,MFC02,Varios,FC02C,Material Diverso,AS,ARTICULOS SIN CONTROL DE STOCK
5,005-001238,15/03/2024,005-ppe1001,2.0,36.1,31.02176,005-29-1,24S030023,1238,"JOSE MARIA DAPORTA LEIRO E HIJOS; S,L,",10,VENTAS NACIONALES,MF8,Maquinaria y SAT,F35,Consumibles SAT,PPE,REPUESTOS PESADORA PESAJE ELECTRONICO
5,005-004525,08/11/2024,005-ecb0068,5.0,125.0,84.3207,005-17-1,24S110004,4525,"FALCAMAR-COMERCIO DE MARISCOS; LDA,",11,VENTAS INTRACOMUNITARIAS,MF8,Maquinaria y SAT,F35,Consumibles SAT,ECB,REPUESTOS ECONOMY BAG
21,021-006150,17/07/2024,021-lm,1.0,0.0,0.0,021-91,24A070065,6150,"FORMATO VERDE; S,L,",10,VENTAS NACIONALES,MFC02,Varios,FC02C,Material Diverso,AS,ARTICULOS SIN CONTROL DE STOCK
21,021-006150,24/04/2024,021-lm,1.0,0.0,0.0,021-91,24A040115,6150,"FORMATO VERDE; S,L,",10,VENTAS NACIONALES,MFC02,Varios,FC02C,Material Diverso,AS,ARTICULOS SIN CONTROL DE STOCK
5,005-001238,30/08/2024,005-13702175t01,0.506,0.0,71.94814,005-29-1,24A080221,1238,"JOSE MARIA DAPORTA LEIRO E HIJOS; S,L,",10,VENTAS NACIONALES,MF6,Envases y Embalajes,F13,Envases Madera,137,TAPAS CAIXAS
21,021-006110,07/06/2024,021-ysmo009,1.0,50.0,15.0,021-45,24A060042,6110,"PROFAND VILAGARCIA; S,L,U,",10,VENTAS NACIONALES,MFR06,CaldererÃ­a Plastica y MetÃ¡lica,FR06A,CaldererÃ­a PlÃ¡stica,CP4,SERVICIOS DE CALDERERÃA PLÃSTICA
5,005-001219,30/10/2024,005-130a1000,0.5,535.0,286.02,005-6-1,24A100293,1219,"VENGARCO; S,L,",10,VENTAS NACIONALES,MF6,Envases y Embalajes,F13,Envases Madera,130,BARCAS CLASICAS
5,005-006196,18/12/2024,005-13730280c,0.32,0.0,79.9392,005-17-1,24A120180,6196,"O PERCEBEIRO; S,L,",10,VENTAS NACIONALES,MF6,Envases y Embalajes,F13,Envases Madera,137,TAPAS CAIXAS
5,30e002d6-8ba2-41cd-ba17-37e084430bd7,29/08/2024,005-160brt5,20.0,19.84,11.7138,005-81-1,24A080216,7966,"HEREDEROS DE ANGEL MARIÃO HERMO; C,B, (ANGEL MAR)",10,VENTAS NACIONALES,MF6,Envases y Embalajes,F15,Envases Plasticos Rigidos,160,CAJAS POLIESTIRENO
5,005-006196,18/03/2024,005-199s001,1.25,0.0,18.75,005-17-1,24S030031,6196,"O PERCEBEIRO; S,L,",10,VENTAS NACIONALES,MF12,Varios,F36,Servicios Varios,199S,SERVICIOS VARIOS SAT
5,005-003318,30/12/2024,005-grn88123,1.0,30.0,22.373,005-3-1,24A120308,3318,"RAMIRO MARTINEZ; S,L, (EMBUTIDOS MONTIÃO)",10,VENTAS NACIONALES,MF8,Maquinaria y SAT,F35,Consumibles SAT,GRN,"REPUESTOS GRAP, NEUMATICA AN-1"
21,021-006150,26/09/2024,3720a110-e113-469c-848e-8981b3621451,34.0,3906.6,4145.96,021-91,24A090090,6150,"FORMATO VERDE; S,L,",10,VENTAS NACIONALES,MFR01,Custom Molding,FR01A,Formato Verde,CA1,CUBAS
21,021-006150,08/05/2024,b3bed494-80a8-4f04-9926-ea62a5b76328,25.0,250.0,324.5,021-91,24A050026,6150,"FORMATO VERDE; S,L,",10,VENTAS NACIONALES,MFR01,Custom Molding,FR01A,Formato Verde,CA3,BOCAS
5,005-004927,18/03/2024,005-lm,1.0,0.0,0.0,005-6-1,24S030036,4927,"ALBENAMAR; S,L,U,",10,VENTAS NACIONALES,MFC02,Varios,FC02C,Material Diverso,AS,ARTICULOS SIN CONTROL DE STOCK
5,005-001237,31/12/2024,005-pmc2101,1.0,2160.0,1200.88823,005-82-1,24S120093,1237,"MARISCOS CAMPELO; S,A,",10,VENTAS NACIONALES,MF8,Maquinaria y SAT,F35,Consumibles SAT,PMC,REPUESTOS PESADORAS MULTICABEZAL
21,021-006150,12/09/2024,f38f374c-4454-40c9-a400-ab8c2ea016f4,27.0,391.5,474.39,021-91,24A090041,6150,"FORMATO VERDE; S,L,",10,VENTAS NACIONALES,MFR01,Custom Molding,FR01A,Formato Verde,CA3,BOCAS
21,021-006282,23/01/2024,021-lm,1.0,0.0,0.0,021-39,24A010069,6282,POLDREX PPHU DARIUSZ BARAN,11,VENTAS INTRACOMUNITARIAS,MFC02,Varios,FC02C,Material Diverso,AS,ARTICULOS SIN CONTROL DE STOCK
5,7befae97-09ee-461b-b170-8745acc754c9,24/05/2024,005-lm,1.0,0.0,0.0,005-55-1,24A050126,7656,"INTERNATIONAL CASING PRODUCTS; S,L,U,",10,VENTAS NACIONALES,MFC02,Varios,FC02C,Material Diverso,AS,ARTICULOS SIN CONTROL DE STOCK
1,001-003857,05/02/2024,001-210c50ac,1.0,310.0,225.22,001-100,24A020023,3857,"MARISCOS VIDAL CALVAR; S,L,",10,VENTAS NACIONALES,MF3,Consumibles Miticultura,F30,Red de AlgodÃ³n,210,COTTON PLUS
5,005-002371,23/12/2024,005-ecb0108,2.0,15.4,10.75922,005-6-1,24S120043,2371,"CULTIUS MARINS DEL DELTA DE L'EBRE; S,A,U,",10,VENTAS NACIONALES,MF8,Maquinaria y SAT,F35,Consumibles SAT,ECB,REPUESTOS ECONOMY BAG
1,c2ac2ab2-72a0-4591-8726-e9a2d6a079ae,26/11/2024,b152be1d-9a98-44fd-9c53-005860497add,500.0,36.0,26.0,001-90,24A110122,7883,"BATEA CAMBADESA III; C,B,",10,VENTAS NACIONALES,MF5,Efectos Navales,F37,Suministros Varios,41,MATERIAL MEJILLON VARIOS
5,005-003623,30/08/2024,005-133g02md01,0.62,704.32,342.5996,005-87-1,24A080220,3623,"MARISCOS DAPORTA; S,L,",10,VENTAS NACIONALES,MF6,Envases y Embalajes,F13,Envases Madera,133,CAIXAS RECTAS CLASICAS
5,c23bfd3e-8dc4-498e-9dbd-9fb451d8fde5,09/08/2024,005-199s001,3.0,135.0,45.0,e250d566-d119-4a2f-a52d-4b0ed5975e1b,24S080016,8169,"UKUTITEC; S,L,",10,VENTAS NACIONALES,MF12,Varios,F36,Servicios Varios,199S,SERVICIOS VARIOS SAT
5,c23bfd3e-8dc4-498e-9dbd-9fb451d8fde5,09/08/2024,664f32e7-0b4d-4123-95c6-c1cbb0683b91,6.0,31.2,21.83208,e250d566-d119-4a2f-a52d-4b0ed5975e1b,24S080016,8169,"UKUTITEC; S,L,",10,VENTAS NACIONALES,MFC02,Varios,FC02C,Material Diverso,MD,MATERIAL DIVERSO
21,cf120b8c-3216-4c79-9138-5fc8a6e8ac42,27/09/2024,c3be41f6-f54e-45bd-9fa5-19492146c89d,2.0,441.06,378.42,021-6,24A090093,7137,"RONAUTICA QUALITY MARINAS; S,L,U,",10,VENTAS NACIONALES,MFR04,Marine,FR04B,Nautica Deportiva,ND1,FLOTADOR PANTALAN EPE/EPS
5,005-003623,30/08/2024,005-199s002,42.0,18.9,9.24,005-87-1,24S080071,3623,"MARISCOS DAPORTA; S,L,",10,VENTAS NACIONALES,MF12,Varios,F36,Servicios Varios,199S,SERVICIOS VARIOS SAT
5,005-007071,31/05/2024,005-cl104,1.0,626.0,437.75,005-1-1,24S050055,7071,"ROVEN BROTHERS; S,L,U,",10,VENTAS NACIONALES,MF8,Maquinaria y SAT,F35,Consumibles SAT,CL,REPUESTOS CALIBRADORA
5,cd34d283-93a4-4f99-b965-e801561b084d,30/04/2024,005-lm,1.0,0.0,0.0,005-66-1,24A040199,7835,"EUROPACK REPRESENTACIONES; S,L,",10,VENTAS NACIONALES,MFC02,Varios,FC02C,Material Diverso,AS,ARTICULOS SIN CONTROL DE STOCK
5,f77a1509-df7d-4149-9084-d332ab2d13d4,31/01/2024,005-199s003,2.0,42.0,26.0,005-4-1,24S010061,8102,LAMAZARES HERMIDA; MARCO,10,VENTAS NACIONALES,MF12,Varios,F36,Servicios Varios,199S,SERVICIOS VARIOS SAT
5,005-003147,10/07/2024,202cbcea-b5e5-40ef-9d13-d19da2a54ec6,2.73,4340.7,2116.4325,005-81-1,24A070086,3147,"MARESMAR; S,L,U,",10,VENTAS NACIONALES,MF6,Envases y Embalajes,F13,Envases Madera,130,BARCAS CLASICAS
5,005-006794,30/08/2024,e1d617aa-0a37-48b4-8049-36f2a25f945d,2.0,19.8,11.87062,005-17-1,24S080070,6794,"SOLUCIONES INDUSTRIALES BMARKING; S,L,",10,VENTAS NACIONALES,MF8,Maquinaria y SAT,F35,Consumibles SAT,FLRQ7000M,REPUESTOS FLEJADORA FLRQ7000M
21,021-006150,19/02/2024,b3bed494-80a8-4f04-9926-ea62a5b76328,20.0,200.0,259.6,021-91,24A020067,6150,"FORMATO VERDE; S,L,",10,VENTAS NACIONALES,MFR01,Custom Molding,FR01A,Formato Verde,CA3,BOCAS
5,84cd8345-4039-4d84-9805-de945900a88b,23/12/2024,005-edi0502,2.0,63.2,31.61916,005-1-1,24S120027,7728,"MOLUSCOS ANDALUCIA; S,L,",10,VENTAS NACIONALES,MF8,Maquinaria y SAT,F35,Consumibles SAT,ED,REPUESTOS EQUIPO DEPURACION Y ESTOCAJE
1,001-004483,01/08/2024,001-199016,1.0,69152.99,69152.99,645631ef-9d10-4164-a2c6-42f7ac77734b,24A080004,4483,ORGANIZACION DE PRODUCTORES DE MEJILLON DE GALICIA (OPMEGA),10,VENTAS NACIONALES,MF00,Servicios Grupo y AdministraciÃ³n,F00,Servicios Grupo y AdministraciÃ³n,2,OTRAS OPERACIONES (NO NEGOCIO)
5,005-003258,18/03/2024,005-010a104670ne,2.0,84.8,52.0,005-5-1,24A030104,3258,"MOLUSCOS TRONCOSO; S,L,",10,VENTAS NACIONALES,MF6,Envases y Embalajes,F33,Sacos y Mallas Extruidas,10,MALLA MOLUSCOS
5,005-001208,29/01/2024,005-pmc2051,1.0,116.0,80.8,005-42-1,24S010037,1208,"MOLUSCOS RIAS BAIXAS; S,A,",10,VENTAS NACIONALES,MF8,Maquinaria y SAT,F35,Consumibles SAT,PMC,REPUESTOS PESADORAS MULTICABEZAL
5,9a31b211-c35f-4c27-b77f-3d2c9f23e32f,08/03/2024,005-010a093650amta,700.0,19635.0,11907.0,3583178e-7085-4500-bbdb-8c55cb87c70d,24A030045,7867,"F & M ECOENVASES; S,L,",10,VENTAS NACIONALES,MF6,Envases y Embalajes,F33,Sacos y Mallas Extruidas,10,MALLA MOLUSCOS
